code,date,clientID,resTaxID,status
442959,2019-10-23 15:04:39,97411,67372,DELIVERED
254872,2019-06-04 07:57:00,79068,59675,IN_PROCESS
596893,2019-12-04 23:50:59,13177,25582,REQUESTED
13897,2018-11-11 04:24:32,1943,13256,SHIPPED
59088,2019-06-07 07:31:48,50564,71120,REQUESTED
126193,2018-05-01 04:19:23,40122,85929,IN_PROCESS
74706,2018-01-13 10:34:12,51924,13409,DELIVERED
199135,2018-06-14 03:11:04,78870,54158,IN_PROCESS
124054,2018-11-21 22:19:04,67577,77852,REQUESTED
614823,2018-06-22 20:41:08,46994,61070,DELIVERED
452994,2019-02-19 07:07:34,21549,36820,REQUESTED
562806,2017-09-27 02:07:30,56199,75987,SHIPPED
55265,2020-09-21 17:52:28,42833,20440,IN_PROCESS
547534,2020-08-15 05:15:27,13836,21163,IN_PROCESS
865340,2019-05-30 16:39:27,67105,26687,REQUESTED
264612,2019-06-16 08:15:39,77696,99836,REQUESTED
581543,2019-08-02 14:15:59,4279,90580,DELIVERED
530096,2018-08-23 12:48:01,65473,11673,SHIPPED
886409,2019-07-29 23:48:44,75930,16007,IN_PROCESS
204306,2018-08-08 22:29:56,97027,78465,DELIVERED
529186,2019-03-29 03:57:10,65229,2519,DELIVERED
185410,2020-02-27 07:03:41,53204,94954,DELIVERED
21428,2020-09-15 21:13:48,46378,80588,IN_PROCESS
10669,2019-03-01 22:41:32,66380,54949,REQUESTED
549205,2019-02-20 00:03:17,95449,98599,IN_PROCESS
33279,2019-06-13 06:27:58,10889,78921,IN_PROCESS
647658,2019-05-11 14:42:32,34931,92329,IN_PROCESS
402418,2018-10-03 11:11:20,38525,3583,IN_PROCESS
993602,2019-06-04 03:58:04,18121,23656,IN_PROCESS
851940,2019-03-15 14:00:07,46247,87941,DELIVERED
188319,2018-12-03 07:20:59,78451,5318,IN_PROCESS
597202,2019-03-02 17:39:59,2143,10822,SHIPPED
32882,2018-08-14 06:54:06,64952,52236,REQUESTED
507754,2019-05-12 01:38:26,40016,39867,SHIPPED
123706,2019-10-11 04:01:12,90657,99917,IN_PROCESS
792944,2018-06-05 17:51:08,17189,4097,DELIVERED
519629,2019-05-02 04:14:00,3265,19586,IN_PROCESS
941616,2019-08-15 06:56:59,84973,421,DELIVERED
725501,2020-08-26 20:31:46,74778,81714,DELIVERED
269178,2018-03-09 17:11:40,36574,42773,IN_PROCESS
467657,2017-12-06 20:31:18,44246,90521,IN_PROCESS
190754,2019-07-14 23:50:53,15923,32410,IN_PROCESS
857915,2019-07-31 05:50:36,33294,94203,REQUESTED
784854,2019-10-27 03:37:28,66107,59049,IN_PROCESS
170153,2019-03-28 14:37:05,76585,92470,REQUESTED
269228,2018-02-06 17:34:43,63279,4208,IN_PROCESS
146300,2019-10-14 21:14:38,75413,30411,IN_PROCESS
974454,2019-10-30 22:31:08,16384,57648,DELIVERED
954808,2019-04-30 06:47:44,42023,72784,SHIPPED
638060,2020-09-08 15:01:40,3246,48605,SHIPPED
665651,2018-11-30 22:11:44,8371,50257,IN_PROCESS
649211,2019-01-28 14:47:34,81678,17903,IN_PROCESS
750778,2018-08-11 12:49:04,15704,56115,IN_PROCESS
469606,2020-01-15 23:45:28,76859,8565,IN_PROCESS
520656,2018-05-30 12:47:16,55816,94732,DELIVERED
239529,2018-11-28 16:04:37,10249,15209,REQUESTED
826383,2019-12-05 12:40:55,8803,64085,SHIPPED
308483,2019-06-15 10:36:19,66295,91573,IN_PROCESS
595690,2020-06-21 22:10:37,91347,7399,SHIPPED
608912,2018-12-28 10:00:27,23608,4859,REQUESTED
798239,2017-10-13 14:05:21,8724,68698,DELIVERED
761304,2018-11-09 08:04:08,91841,49547,SHIPPED
384243,2020-07-25 05:36:06,72692,54587,REQUESTED
416236,2019-05-15 09:27:34,31106,22746,REQUESTED
8561,2019-03-29 20:10:42,50479,38169,IN_PROCESS
618817,2020-03-11 21:06:25,77499,81220,IN_PROCESS
886629,2019-01-02 04:58:13,74215,13874,IN_PROCESS
922624,2019-03-19 13:40:07,40834,36101,IN_PROCESS
926484,2018-07-16 19:13:35,7144,7628,IN_PROCESS
391476,2019-01-07 21:41:07,12543,12633,REQUESTED
745657,2020-04-03 06:23:15,31133,23461,SHIPPED
220756,2017-10-26 20:27:37,2885,76267,IN_PROCESS
135218,2020-02-14 12:21:09,94392,92041,SHIPPED
243873,2020-05-16 14:46:04,52065,12718,REQUESTED
519858,2019-01-06 03:53:57,33325,99716,SHIPPED
998587,2019-08-08 17:25:23,79823,52152,REQUESTED
667261,2019-05-21 23:52:24,18699,34191,DELIVERED
49229,2018-05-21 10:24:25,79851,92336,DELIVERED
947246,2019-02-28 18:45:50,9348,30782,IN_PROCESS
74747,2018-01-15 11:50:00,94438,67771,IN_PROCESS
362894,2019-03-01 23:53:57,86259,24240,REQUESTED
306503,2020-07-24 12:42:44,8114,34833,REQUESTED
89343,2018-01-11 07:48:25,42393,93438,REQUESTED
64901,2019-06-10 00:36:08,40168,50695,REQUESTED
532886,2019-09-21 18:45:49,66432,51275,DELIVERED
862045,2019-11-03 09:13:36,75052,68319,SHIPPED
244434,2019-06-15 15:33:29,83313,11611,DELIVERED
29817,2019-11-12 03:58:46,29809,39062,IN_PROCESS
80460,2019-12-28 10:07:53,80297,14664,DELIVERED
496960,2020-05-19 06:09:54,95273,97884,SHIPPED
824614,2019-01-09 13:55:46,79523,42310,IN_PROCESS
872914,2018-12-09 01:10:04,4513,88582,REQUESTED
477458,2020-09-17 05:21:47,28405,32041,SHIPPED
218069,2017-12-05 20:31:16,48541,41198,IN_PROCESS
711956,2020-07-28 19:19:41,51483,98995,IN_PROCESS
510288,2020-03-13 17:05:46,82961,14820,IN_PROCESS
994392,2019-02-02 18:01:40,77424,56548,REQUESTED
566891,2017-10-26 00:08:32,2981,88530,REQUESTED
989679,2020-05-23 05:59:07,40651,5288,SHIPPED
132870,2020-07-22 21:35:26,66513,60790,REQUESTED
200150,2019-01-02 19:59:34,88602,57677,SHIPPED
896084,2019-11-04 10:38:26,19604,21586,IN_PROCESS
344868,2019-10-28 23:29:03,54916,12371,SHIPPED
403982,2018-06-24 00:09:51,40507,33508,REQUESTED
708882,2019-11-12 08:38:04,65912,12977,SHIPPED
616398,2018-05-18 18:56:58,77702,85841,DELIVERED
529031,2019-04-08 20:05:25,43194,82706,SHIPPED
457534,2019-11-18 03:00:12,55700,55248,REQUESTED
955346,2019-07-14 19:03:03,2731,69799,IN_PROCESS
20594,2017-10-13 04:48:00,89957,65634,IN_PROCESS
350354,2018-03-23 19:06:10,5841,29729,DELIVERED
637846,2018-01-26 02:21:06,98772,99182,SHIPPED
755367,2018-09-12 08:27:57,79294,74400,SHIPPED
451426,2018-05-10 12:02:27,13186,56487,REQUESTED
379843,2020-03-01 16:07:38,77768,58440,IN_PROCESS
663515,2018-09-09 22:42:31,85812,42939,IN_PROCESS
232735,2019-01-04 19:02:43,30782,25445,IN_PROCESS
269218,2019-09-28 05:25:43,8104,53874,IN_PROCESS
37675,2020-05-03 23:38:01,33493,74396,REQUESTED
489334,2019-10-21 23:00:06,77376,17608,REQUESTED
615477,2018-02-24 19:48:47,17671,29161,DELIVERED
675211,2019-02-28 11:37:39,19112,29969,IN_PROCESS
396138,2018-02-20 10:30:43,30759,92600,IN_PROCESS
362760,2018-06-23 11:19:24,55831,56210,DELIVERED
564711,2019-01-25 14:26:43,35118,22323,DELIVERED
386044,2018-08-14 14:56:17,67264,77658,IN_PROCESS
569309,2020-03-31 11:40:16,53903,45815,REQUESTED
140111,2017-12-26 08:17:59,42492,4841,REQUESTED
376706,2020-05-11 01:33:36,51864,13492,SHIPPED
122119,2019-08-17 17:10:58,36815,76930,REQUESTED
146377,2018-06-09 17:56:21,18578,94243,SHIPPED
775527,2019-03-29 10:12:26,12292,6526,IN_PROCESS
187163,2019-11-06 10:55:59,67757,85465,SHIPPED
497277,2018-09-30 05:09:16,88613,61393,IN_PROCESS
811225,2017-11-01 09:35:51,28087,4887,SHIPPED
656684,2020-01-02 16:04:20,90762,15183,IN_PROCESS
403963,2020-07-19 16:36:43,51194,22206,SHIPPED
899692,2019-10-17 03:13:53,33244,25521,REQUESTED
533813,2019-05-28 22:10:10,39501,28174,DELIVERED
333158,2018-05-02 23:09:09,43107,78836,REQUESTED
98754,2019-09-14 01:48:02,99528,52368,REQUESTED
496924,2019-12-31 16:39:47,80799,81475,SHIPPED
932184,2018-11-29 01:32:35,14301,53573,SHIPPED
223993,2020-02-06 15:03:06,7114,17610,IN_PROCESS
573281,2018-07-06 08:27:57,95005,15452,IN_PROCESS
377084,2019-03-11 21:38:23,5149,19725,DELIVERED
26806,2019-07-03 22:18:02,55196,11533,REQUESTED
230762,2019-07-13 20:14:35,57612,58436,SHIPPED
214167,2019-02-20 19:57:55,86313,8885,REQUESTED
900683,2018-05-26 00:55:58,33753,58740,SHIPPED
984542,2020-08-22 08:56:18,62539,11568,REQUESTED
520707,2019-05-04 06:39:48,67573,99386,REQUESTED
605889,2019-10-06 04:52:16,69225,31839,IN_PROCESS
552815,2019-11-05 22:46:03,17403,66091,SHIPPED
705893,2020-06-19 23:18:54,94086,11276,SHIPPED
786679,2020-05-12 19:43:59,99367,48887,REQUESTED
869298,2019-05-13 13:49:53,82975,73259,SHIPPED
58324,2019-03-26 06:13:48,87746,61102,IN_PROCESS
686507,2019-04-26 04:41:59,59958,46634,DELIVERED
495015,2018-08-05 23:35:29,63116,12193,IN_PROCESS
219576,2017-12-06 06:53:58,57630,84430,REQUESTED
971519,2017-11-19 20:18:13,40664,63509,REQUESTED
185767,2017-11-08 13:42:25,72357,80891,SHIPPED
493241,2019-10-25 06:58:52,1114,55162,SHIPPED
471922,2018-06-10 06:53:01,16886,71593,DELIVERED
320525,2019-06-07 13:13:03,29013,43372,REQUESTED
122335,2018-07-02 23:03:09,81766,7666,DELIVERED
341758,2020-05-18 03:01:10,59815,79954,SHIPPED
438954,2020-03-22 01:05:19,37904,82348,DELIVERED
809978,2018-08-23 05:28:51,49342,82177,IN_PROCESS
92190,2019-03-23 08:20:56,92732,56041,SHIPPED
561950,2020-05-07 04:32:31,72171,80362,REQUESTED
590175,2020-06-18 20:33:39,15686,62646,SHIPPED
179323,2020-07-23 09:54:54,68088,31714,SHIPPED
780588,2019-12-28 15:22:22,20021,81391,REQUESTED
193111,2019-05-19 14:30:16,24391,80694,DELIVERED
909410,2018-07-20 05:35:40,98004,8733,IN_PROCESS
656435,2018-02-05 19:58:11,27755,92566,REQUESTED
742703,2018-02-27 03:33:56,36708,87592,SHIPPED
227966,2019-10-21 21:52:26,91630,19784,REQUESTED
317186,2018-11-10 04:19:12,84727,83021,REQUESTED
551248,2018-10-31 03:29:06,68635,26732,DELIVERED
584144,2019-01-06 11:18:50,40465,44426,REQUESTED
460907,2019-05-14 13:07:46,44084,79737,DELIVERED
329336,2020-07-24 18:39:13,29774,27764,DELIVERED
826030,2020-01-07 19:18:44,16255,31067,IN_PROCESS
776179,2019-04-03 18:14:56,49386,69794,IN_PROCESS
505109,2020-04-01 11:56:58,36825,19004,SHIPPED
683694,2018-09-12 16:27:19,29848,41978,REQUESTED
605950,2020-03-15 16:45:08,29146,96725,IN_PROCESS
664297,2020-03-17 03:08:45,22857,68377,REQUESTED
668273,2018-03-21 09:29:41,44764,83278,SHIPPED
672772,2017-09-26 09:32:36,36310,13902,DELIVERED
403470,2019-07-23 09:48:18,27174,7571,IN_PROCESS
380950,2018-05-24 06:41:30,73535,66135,DELIVERED
467895,2019-07-23 14:09:05,45795,22467,DELIVERED
838928,2018-11-01 16:43:47,87535,25581,REQUESTED
828693,2020-04-10 12:52:47,52804,90808,DELIVERED
451714,2018-11-16 16:54:17,9055,75862,DELIVERED
310229,2018-10-31 08:53:23,18361,14936,DELIVERED
303750,2019-12-12 14:31:35,36755,88579,IN_PROCESS
325203,2020-05-04 08:31:09,25881,69694,REQUESTED
645129,2019-05-21 04:10:02,56497,92773,IN_PROCESS
578321,2017-11-22 07:33:39,78701,65005,REQUESTED
696046,2019-08-25 21:22:26,83014,21601,REQUESTED
139646,2018-03-12 17:17:31,24025,79847,SHIPPED
794565,2018-09-06 01:56:21,6963,48851,DELIVERED
463825,2019-01-26 22:02:41,64770,67815,DELIVERED
867558,2020-04-26 21:21:35,91035,66061,SHIPPED
279105,2018-11-21 18:01:18,43585,86412,DELIVERED
158722,2018-04-28 06:00:56,7757,34245,SHIPPED
439370,2017-10-30 19:38:14,82239,34321,DELIVERED
210433,2018-11-11 20:55:56,11833,57840,SHIPPED
809054,2019-09-28 15:23:03,51944,97123,IN_PROCESS
639981,2019-10-28 19:51:02,92186,71462,DELIVERED
503917,2018-02-02 21:50:37,39547,65202,IN_PROCESS
676933,2017-10-13 23:10:48,85887,44145,REQUESTED
514888,2019-09-23 04:00:09,59410,94270,IN_PROCESS
215319,2019-11-25 06:36:46,90321,96282,DELIVERED
291826,2019-12-25 09:58:14,68127,55866,DELIVERED
557231,2018-07-15 22:21:14,87607,51774,DELIVERED
330062,2019-02-05 09:09:53,28157,86109,REQUESTED
860328,2018-09-20 14:49:02,81996,82206,IN_PROCESS
212522,2017-11-21 07:55:45,22726,9949,DELIVERED
253653,2020-09-14 13:11:54,62019,54074,IN_PROCESS
588391,2018-12-31 01:17:24,27112,2925,DELIVERED
75305,2018-09-23 03:07:04,18467,56728,SHIPPED
321199,2020-04-13 06:56:16,92858,13792,DELIVERED
681439,2020-04-06 02:05:30,2713,89169,REQUESTED
352966,2020-05-28 02:23:36,99723,40491,REQUESTED
805889,2019-09-28 10:54:36,48449,37610,SHIPPED
707467,2020-05-13 06:40:41,17715,23756,REQUESTED
163889,2017-10-28 17:08:30,47829,75977,REQUESTED
589410,2018-09-15 05:14:52,33050,23538,DELIVERED
844036,2017-10-06 18:45:48,13969,54621,DELIVERED
679501,2018-03-20 03:41:51,40357,47025,REQUESTED
576596,2020-03-03 08:20:47,36815,80786,DELIVERED
796070,2020-03-17 00:09:40,59720,81653,REQUESTED
632043,2018-02-07 21:43:03,36366,38390,SHIPPED
185262,2020-02-09 13:27:20,21191,40112,SHIPPED
714325,2018-11-11 00:02:30,93317,53872,REQUESTED
21548,2018-03-28 09:05:38,48597,46758,SHIPPED
294497,2019-10-12 22:10:35,28837,55964,IN_PROCESS
147591,2019-11-01 15:53:37,75594,39463,IN_PROCESS
377291,2018-11-07 03:42:29,73397,64777,SHIPPED
126463,2020-08-03 10:08:49,40511,98608,SHIPPED
547285,2019-03-08 06:49:41,57743,31928,REQUESTED
537320,2020-08-09 21:31:00,44023,82729,REQUESTED
872221,2020-02-26 06:41:02,18826,67869,SHIPPED
167911,2018-10-23 08:11:57,67103,11146,DELIVERED
975245,2018-04-28 16:38:52,73009,54018,IN_PROCESS
442349,2018-07-02 19:15:25,67036,12389,SHIPPED
968115,2020-08-24 23:53:09,43693,65122,IN_PROCESS
925824,2018-02-11 20:30:06,84464,75512,SHIPPED
472943,2020-07-21 04:36:27,84486,54173,IN_PROCESS
721188,2018-11-19 13:54:12,35017,1100,IN_PROCESS
645668,2020-08-12 21:42:13,16312,69979,REQUESTED
471670,2018-01-19 21:02:31,68675,52148,IN_PROCESS
965401,2018-11-27 05:58:29,88317,10554,SHIPPED
289480,2019-06-03 04:25:06,66038,92241,SHIPPED
215809,2019-07-22 11:50:03,33623,57719,REQUESTED
799825,2017-11-27 01:41:48,48506,50406,REQUESTED
438572,2020-05-22 23:59:29,32507,70346,REQUESTED
490652,2017-11-14 04:48:57,66076,68805,DELIVERED
40698,2019-08-23 13:50:53,96318,87352,REQUESTED
177257,2017-10-22 04:18:29,58562,79825,DELIVERED
839381,2019-05-06 22:38:55,78504,98784,REQUESTED
757695,2019-05-19 03:52:17,35725,77418,IN_PROCESS
533835,2019-06-09 14:38:57,79108,84955,SHIPPED
14700,2020-08-29 18:08:27,40960,34089,IN_PROCESS
479489,2020-09-20 03:53:17,28665,8715,REQUESTED
673331,2019-09-22 07:08:00,96483,88092,REQUESTED
707971,2020-05-03 00:54:33,4122,619,IN_PROCESS
430100,2018-09-04 06:27:15,46606,12925,DELIVERED
600207,2018-02-27 13:58:40,68496,62945,SHIPPED
167156,2019-08-13 08:23:34,35565,20818,REQUESTED
512053,2020-08-13 08:25:51,61773,45881,DELIVERED
924834,2018-04-18 11:03:47,42852,44542,SHIPPED
347018,2017-11-20 13:29:52,30264,34431,SHIPPED
879159,2018-03-10 17:33:54,32968,75399,SHIPPED
357229,2017-12-16 10:34:21,24348,3361,DELIVERED
675276,2018-06-23 14:52:19,23774,74695,IN_PROCESS
826358,2020-03-05 01:51:38,78587,617,DELIVERED
751613,2017-10-19 00:57:36,17979,55853,IN_PROCESS
94550,2020-02-28 06:39:03,4927,56771,IN_PROCESS
494913,2020-03-14 04:45:18,76972,69172,SHIPPED
49262,2019-02-01 14:51:50,33605,49618,REQUESTED
590051,2018-07-13 22:02:50,68676,77792,DELIVERED
461459,2020-02-11 19:15:51,81572,31952,SHIPPED
786479,2020-02-07 20:04:56,61962,36222,DELIVERED
792126,2017-10-07 14:46:52,89972,77950,SHIPPED
798215,2019-10-03 03:53:03,79443,4953,DELIVERED
474106,2018-03-29 07:17:18,75482,36126,IN_PROCESS
462972,2019-03-26 16:46:38,12915,96521,SHIPPED
756812,2019-03-01 05:35:01,87146,18475,REQUESTED
738511,2019-09-13 01:15:48,62081,81484,IN_PROCESS
174154,2018-07-17 01:51:03,17735,68675,IN_PROCESS
276726,2019-09-25 09:39:35,33070,3922,REQUESTED
154490,2019-03-02 23:25:37,12572,37871,SHIPPED
111431,2018-10-16 03:45:35,95294,84683,REQUESTED
784407,2019-11-29 06:25:06,53516,70671,SHIPPED
202957,2018-02-04 03:50:16,53137,78303,SHIPPED
736903,2018-06-25 12:57:33,26219,91360,IN_PROCESS
792539,2020-08-06 10:46:58,72602,83578,IN_PROCESS
849901,2018-03-28 07:09:02,17575,9865,DELIVERED
984842,2018-10-23 13:23:37,80707,71925,IN_PROCESS
460851,2020-03-28 00:11:33,24276,59091,REQUESTED
407205,2020-09-13 20:55:06,26542,82401,IN_PROCESS
423026,2018-05-06 08:08:47,80852,61264,DELIVERED
614895,2020-06-24 09:33:20,93319,59841,SHIPPED
11166,2020-09-22 04:02:31,14412,54550,DELIVERED
821966,2020-04-24 02:47:19,67112,34682,IN_PROCESS
603656,2019-06-14 02:17:29,21112,22836,IN_PROCESS
277519,2017-10-27 21:17:59,90898,37807,SHIPPED
274309,2020-07-06 23:41:03,9619,23902,REQUESTED
18549,2018-01-07 16:39:37,93095,7060,SHIPPED
488386,2019-02-20 18:15:31,75970,48068,REQUESTED
266031,2017-10-05 01:43:49,39166,23222,IN_PROCESS
432358,2019-01-30 14:08:36,9995,3739,REQUESTED
514798,2020-07-17 08:39:26,89518,44169,DELIVERED
601300,2020-06-18 10:53:15,20141,41974,REQUESTED
604197,2018-08-10 22:49:38,32413,44065,SHIPPED
16775,2019-12-18 20:01:42,74568,29257,REQUESTED
427297,2018-07-03 06:46:16,93424,50897,SHIPPED
932290,2020-07-16 06:12:39,59508,20289,SHIPPED
231355,2019-08-05 04:36:18,34566,71522,REQUESTED
304503,2019-07-05 00:15:52,86690,22307,IN_PROCESS
920599,2020-04-27 11:00:29,36060,28677,REQUESTED
747875,2019-06-26 11:59:50,43000,83835,REQUESTED
210173,2018-05-26 08:16:20,4063,78801,IN_PROCESS
716707,2018-07-03 13:32:38,96486,55327,DELIVERED
287093,2020-04-10 05:58:03,43053,75435,SHIPPED
798668,2019-11-10 14:51:44,81246,47796,REQUESTED
730112,2020-08-09 09:40:53,36935,31868,IN_PROCESS
438948,2020-07-02 12:24:30,31760,46803,REQUESTED
818730,2019-02-22 07:34:15,1910,42848,IN_PROCESS
559453,2019-03-24 23:42:28,71818,59513,DELIVERED
7069,2018-02-20 20:14:01,94355,67646,REQUESTED
924193,2019-07-14 23:28:13,49641,93372,SHIPPED
54018,2018-02-01 13:20:39,45015,2526,REQUESTED
971733,2020-09-11 23:25:07,13647,72047,DELIVERED
264159,2019-04-21 19:59:16,63784,93151,IN_PROCESS
839023,2018-10-26 09:55:23,55642,93982,REQUESTED
295963,2019-11-11 21:29:03,42116,47442,IN_PROCESS
428292,2020-05-07 22:01:51,6823,81930,REQUESTED
631303,2019-03-22 21:42:48,47565,28095,IN_PROCESS
506976,2017-11-17 23:30:20,19860,69797,DELIVERED
422277,2019-08-01 04:16:58,51910,59681,REQUESTED
150477,2019-03-12 07:01:47,80563,44569,REQUESTED
959700,2020-07-15 00:34:47,69567,85498,REQUESTED
259809,2018-03-24 18:43:43,3907,57864,SHIPPED
694113,2018-12-25 10:36:35,33634,44818,IN_PROCESS
436343,2019-12-26 03:27:29,66486,90370,REQUESTED
66826,2018-08-04 17:19:44,34160,34253,DELIVERED
273526,2018-06-15 10:42:00,49707,40885,SHIPPED
627898,2020-07-26 07:58:37,47859,52581,DELIVERED
951593,2018-10-08 00:33:31,58946,81437,SHIPPED
378208,2018-05-31 05:40:27,6169,89108,IN_PROCESS
348622,2017-11-05 09:41:10,97863,48922,DELIVERED
848984,2019-07-05 05:43:29,61355,47695,IN_PROCESS
933960,2020-03-18 22:39:01,79284,68354,IN_PROCESS
523757,2019-06-24 23:01:29,91296,17487,IN_PROCESS
373424,2018-05-22 08:01:55,46868,54635,IN_PROCESS
592583,2018-02-19 18:21:56,23686,90714,IN_PROCESS
917268,2020-08-25 21:06:33,55140,75004,DELIVERED
467103,2018-07-20 21:30:54,94677,33258,IN_PROCESS
584429,2019-10-04 02:00:17,80315,6866,REQUESTED
697685,2020-08-20 10:30:58,7617,80498,REQUESTED
529474,2019-03-18 21:41:39,13633,44489,SHIPPED
63469,2018-07-09 13:23:59,48229,277,IN_PROCESS
576886,2020-04-11 15:48:32,44179,65842,DELIVERED
152105,2018-02-20 07:43:39,26682,41023,DELIVERED
594099,2018-05-22 09:45:31,51576,70958,IN_PROCESS
342679,2020-05-19 05:58:46,77931,6667,DELIVERED
178147,2020-08-29 06:50:33,63147,40920,IN_PROCESS
759015,2019-01-03 07:47:19,56024,31635,IN_PROCESS
764979,2018-11-19 08:43:00,15621,23225,IN_PROCESS
59668,2018-03-31 17:31:50,23040,520,DELIVERED
821806,2019-12-04 10:08:42,42017,39826,SHIPPED
39119,2019-11-30 19:07:06,55018,62970,DELIVERED
564508,2017-11-04 17:26:33,67240,55026,IN_PROCESS
916221,2019-05-25 00:56:58,62414,46098,SHIPPED
327729,2020-09-15 07:51:02,72249,87316,REQUESTED
84372,2018-07-06 21:48:51,79788,62071,DELIVERED
488957,2019-07-11 07:31:40,26996,51310,DELIVERED
786263,2019-07-03 11:51:29,46523,10835,SHIPPED
133310,2020-01-15 06:27:04,27184,33775,DELIVERED
674181,2019-07-02 09:01:29,39488,27356,IN_PROCESS
788500,2020-06-22 13:40:32,27534,8826,IN_PROCESS
239361,2018-11-11 20:37:59,98279,46594,SHIPPED
727622,2017-09-27 02:40:12,22317,80452,DELIVERED
626667,2019-05-24 02:25:03,97184,95272,SHIPPED
274536,2017-12-31 03:21:58,78521,39780,DELIVERED
811309,2020-03-13 21:01:17,97533,52545,SHIPPED
588961,2020-09-22 02:14:40,32390,92826,IN_PROCESS
440655,2017-12-26 14:32:40,57494,31700,REQUESTED
905521,2019-04-29 01:55:06,45275,94753,REQUESTED
985192,2017-11-22 19:38:01,94593,74328,SHIPPED
315784,2018-05-23 05:51:52,35888,98552,REQUESTED
706266,2018-05-30 03:05:10,78719,45437,DELIVERED
559412,2018-04-18 05:29:43,89200,70977,IN_PROCESS
829681,2017-12-08 22:08:22,11537,20357,SHIPPED
728981,2019-07-16 22:00:11,38045,94297,IN_PROCESS
883525,2018-08-08 14:39:46,85214,30252,SHIPPED
947058,2018-06-07 04:51:56,99124,88604,REQUESTED
733496,2019-12-13 14:14:54,20122,83704,SHIPPED
488428,2019-03-11 08:03:03,13369,97491,SHIPPED
380609,2019-11-12 21:48:58,6661,19237,DELIVERED
780054,2018-02-07 17:12:41,59343,90461,DELIVERED
197265,2020-04-12 21:41:46,23212,14485,DELIVERED
376855,2019-08-23 05:23:49,62544,44098,REQUESTED
292389,2019-08-07 15:51:20,81096,12159,SHIPPED
199347,2018-08-16 12:17:26,85223,71910,IN_PROCESS
81822,2020-05-29 09:18:40,94115,56053,DELIVERED
973174,2018-06-15 22:47:56,48621,37726,IN_PROCESS
656293,2019-06-07 09:59:58,58367,54688,DELIVERED
671694,2020-09-14 07:25:50,7258,31159,DELIVERED
66843,2018-09-27 21:13:54,46468,37989,REQUESTED
371244,2018-10-09 03:18:11,54920,48806,SHIPPED
527898,2020-03-27 20:53:36,3316,68882,DELIVERED
12697,2020-09-07 07:58:35,92204,57478,SHIPPED
830581,2018-04-09 11:54:07,78672,4806,REQUESTED
716427,2017-10-11 15:44:51,55521,69076,REQUESTED
85524,2018-05-10 18:00:04,20053,15723,SHIPPED
752634,2020-03-27 04:15:37,6054,79852,SHIPPED
342558,2018-02-06 16:41:26,62220,43642,DELIVERED
319966,2018-10-01 00:26:04,51046,78031,DELIVERED
766615,2019-06-10 06:37:30,36360,59985,SHIPPED
785040,2020-08-11 16:23:42,77309,43450,IN_PROCESS
699299,2019-11-13 09:53:02,62240,12486,SHIPPED
330536,2017-11-30 17:58:45,87412,55997,REQUESTED
785629,2019-03-30 16:12:22,48780,8521,REQUESTED
163549,2018-10-19 05:07:30,48839,51080,REQUESTED
474246,2018-11-25 11:24:44,42759,48362,DELIVERED
655952,2018-02-14 10:18:12,2337,88791,SHIPPED
56421,2020-05-22 20:52:54,50190,55960,IN_PROCESS
464490,2018-09-21 22:16:16,59698,56150,IN_PROCESS
511969,2020-07-13 09:29:44,58168,37069,DELIVERED
175615,2018-06-19 23:15:23,78720,14398,SHIPPED
720381,2019-02-26 02:51:07,20243,40446,REQUESTED
118344,2018-10-23 06:08:28,89414,39609,IN_PROCESS
78217,2018-08-10 03:43:32,71064,84589,DELIVERED
573609,2019-01-03 06:45:11,39988,48195,IN_PROCESS
888473,2018-10-20 17:23:14,36170,43678,IN_PROCESS
148281,2018-11-11 05:05:03,39441,6269,SHIPPED
508282,2020-05-30 07:08:49,40012,43535,DELIVERED
567015,2018-05-21 21:29:57,98164,56059,SHIPPED
308780,2019-12-12 02:55:50,27898,33222,DELIVERED
690261,2018-06-20 11:24:39,3726,69292,SHIPPED
561186,2018-06-25 20:20:39,70021,25545,REQUESTED
213300,2020-07-29 04:50:59,58890,27366,REQUESTED
669030,2018-12-09 16:31:42,79607,33063,IN_PROCESS
910467,2018-01-16 14:56:06,61228,22625,DELIVERED
561155,2018-07-20 19:37:24,35259,11939,IN_PROCESS
429120,2018-07-18 12:44:10,66343,30475,DELIVERED
951143,2018-12-24 06:27:42,52502,83319,REQUESTED
590488,2020-05-13 23:31:12,62205,28428,SHIPPED
56676,2019-02-28 18:42:49,70550,94622,REQUESTED
373875,2017-09-28 14:08:19,92746,32243,IN_PROCESS
992670,2019-03-29 07:46:43,46018,8456,REQUESTED
964848,2020-02-07 08:11:20,80924,67637,REQUESTED
938029,2019-08-04 15:37:45,35134,50615,DELIVERED
767536,2019-07-24 15:56:33,1637,8917,IN_PROCESS
944712,2018-11-19 03:11:37,56971,3674,REQUESTED
313850,2018-05-08 19:01:39,99939,61294,REQUESTED
504061,2020-04-07 17:10:24,2436,94513,REQUESTED
99344,2018-02-20 03:01:47,64961,25989,DELIVERED
605663,2019-09-05 05:01:39,42500,24122,DELIVERED
141105,2019-05-04 07:16:47,6944,4950,IN_PROCESS
517268,2017-09-24 10:48:48,27137,30270,IN_PROCESS
152509,2018-06-19 16:05:09,56046,8041,REQUESTED
380844,2017-12-26 20:03:48,3285,84791,DELIVERED
58900,2018-03-05 12:22:32,74834,4970,REQUESTED
70619,2020-01-06 15:21:05,23577,79846,REQUESTED
790391,2017-11-25 12:46:11,59520,6046,DELIVERED
28717,2018-04-27 07:32:45,98008,72806,IN_PROCESS
746061,2018-09-19 03:56:18,51261,3111,IN_PROCESS
5327,2017-11-09 21:35:27,50194,52536,REQUESTED
193846,2018-04-11 12:52:02,38164,45470,DELIVERED
46754,2018-10-18 23:40:22,86964,80627,REQUESTED
410118,2018-10-18 12:04:28,4097,49368,SHIPPED
531526,2019-04-22 06:50:29,66135,68831,SHIPPED
471625,2018-04-14 20:33:13,88441,82981,SHIPPED
838780,2018-05-29 03:12:02,91196,52375,IN_PROCESS
950890,2018-05-16 13:10:35,14339,21924,DELIVERED
864728,2018-05-18 10:02:16,26812,1311,DELIVERED
275567,2018-07-06 18:52:57,3528,49150,DELIVERED
715383,2019-06-27 17:18:03,30557,30175,SHIPPED
720520,2019-10-30 20:57:37,92652,60906,DELIVERED
446848,2018-06-27 08:02:36,37208,68998,REQUESTED
276894,2019-03-19 05:17:07,20026,15737,DELIVERED
103564,2018-09-26 16:15:43,8635,71329,REQUESTED
355237,2017-11-12 15:59:01,11536,95517,DELIVERED
684794,2019-08-18 14:54:14,36179,12649,DELIVERED
113148,2019-01-08 15:58:12,7058,81544,REQUESTED
366714,2020-05-01 00:19:52,52655,91496,DELIVERED
921530,2017-10-16 17:24:27,40505,64120,DELIVERED
102464,2017-11-18 00:51:12,52573,29574,SHIPPED
515909,2018-03-04 21:46:00,67774,53917,SHIPPED
941947,2020-04-04 18:25:27,72521,97933,IN_PROCESS
345097,2018-07-25 01:24:01,39575,22508,IN_PROCESS
385498,2017-12-31 17:26:55,61655,12408,SHIPPED
187274,2020-09-24 17:53:07,49438,12032,SHIPPED
493563,2020-08-18 15:26:11,82379,21627,IN_PROCESS
367462,2018-06-20 09:50:48,22312,98789,DELIVERED
905667,2018-02-24 10:15:04,43275,28600,REQUESTED
837133,2019-03-23 10:23:54,30745,8225,REQUESTED
668336,2020-03-21 20:55:36,69810,99701,REQUESTED
242723,2019-03-20 18:43:15,21582,67147,DELIVERED
751051,2019-01-14 10:49:39,10042,56675,SHIPPED
897101,2020-04-28 00:37:06,96571,46951,IN_PROCESS
804686,2018-03-05 08:39:14,79764,8832,DELIVERED
101888,2018-06-02 03:06:53,11691,78103,IN_PROCESS
403997,2018-04-02 05:45:01,59053,94563,DELIVERED
311857,2017-11-01 07:25:13,39468,68776,IN_PROCESS
486462,2019-06-30 02:26:35,61515,66238,SHIPPED
700512,2020-01-06 10:15:09,17495,86031,SHIPPED
125831,2019-08-19 05:13:41,53803,13365,REQUESTED
803869,2020-05-20 00:59:20,68670,1488,REQUESTED
647428,2019-01-01 01:44:39,6911,35425,IN_PROCESS
393458,2019-07-13 07:57:28,29640,82445,DELIVERED
861454,2018-01-09 13:48:28,66115,79706,IN_PROCESS
880598,2020-01-09 03:40:03,97964,84279,SHIPPED
410582,2018-12-21 21:11:13,78428,89726,DELIVERED
912137,2020-08-22 13:40:53,50494,5436,SHIPPED
665714,2019-06-05 13:33:31,81421,96856,REQUESTED
308787,2020-05-27 08:12:07,20786,97289,IN_PROCESS
375709,2017-11-25 09:09:19,42090,90520,IN_PROCESS
879436,2018-02-10 19:14:21,69345,42383,IN_PROCESS
494435,2019-06-02 07:07:42,94773,20470,DELIVERED
875117,2020-06-01 00:24:42,13532,65886,REQUESTED
54631,2019-02-23 18:59:51,66077,41124,IN_PROCESS
942202,2019-02-20 05:08:34,7249,36276,IN_PROCESS
979776,2018-10-12 12:37:03,80770,64059,REQUESTED
60646,2020-07-15 16:10:08,94127,48236,SHIPPED
876829,2019-01-06 21:56:32,56142,24546,SHIPPED
490032,2020-06-24 01:58:46,16895,47963,REQUESTED
385933,2019-03-17 02:58:16,11153,96923,SHIPPED
45848,2020-05-02 17:16:31,12751,24620,IN_PROCESS
795672,2017-12-15 13:26:34,35939,64363,SHIPPED
618811,2020-07-09 00:07:59,12450,46288,IN_PROCESS
899835,2017-11-13 12:52:30,60596,72988,SHIPPED
767530,2020-05-03 02:43:54,4592,18804,DELIVERED
394961,2018-08-30 23:54:03,2364,12474,DELIVERED
173721,2018-12-22 10:50:51,28396,5683,IN_PROCESS
91197,2019-09-11 20:54:26,33536,90819,IN_PROCESS
188220,2020-07-23 01:13:24,40453,95262,DELIVERED
268035,2020-03-24 20:17:45,63606,93691,IN_PROCESS
832632,2019-07-01 10:49:44,65918,13425,REQUESTED
832714,2019-11-18 01:12:04,20168,77308,REQUESTED
816528,2018-05-14 00:52:20,80738,33214,DELIVERED
294474,2018-02-28 20:54:44,90298,6235,IN_PROCESS
984744,2019-12-22 12:59:42,93660,16085,SHIPPED
627947,2018-01-08 20:27:38,26501,87694,REQUESTED
750822,2020-03-02 18:25:05,21898,51077,IN_PROCESS
645215,2017-11-10 09:57:02,24485,32043,DELIVERED
842718,2017-11-30 05:10:46,78624,52427,IN_PROCESS
611304,2019-03-07 10:09:40,38480,91977,SHIPPED
704318,2019-02-11 11:44:39,98507,80598,IN_PROCESS
200515,2020-09-07 16:46:28,19727,57221,SHIPPED
297772,2018-12-17 22:09:28,49069,52875,REQUESTED
492759,2017-12-17 06:12:41,12630,20078,SHIPPED
928300,2018-02-19 14:26:08,76760,68151,DELIVERED
764295,2019-11-15 21:25:30,95459,12801,REQUESTED
599026,2020-09-14 16:14:04,68221,13718,REQUESTED
768430,2020-04-15 12:37:40,24990,21592,IN_PROCESS
863753,2020-03-17 08:20:42,55186,83939,DELIVERED
421169,2018-01-18 07:05:09,62723,48183,DELIVERED
123003,2019-02-20 23:53:54,36016,94078,DELIVERED
660645,2019-11-14 14:34:40,29206,89545,SHIPPED
235509,2019-04-23 07:24:54,75847,70606,IN_PROCESS
307403,2017-12-24 12:51:38,59967,89502,REQUESTED
4251,2018-05-11 14:50:13,33976,90116,IN_PROCESS
413455,2019-04-08 08:23:30,61787,23507,SHIPPED
316213,2018-06-28 00:50:19,71233,49647,SHIPPED
972623,2018-04-13 20:45:46,81648,25043,IN_PROCESS
458451,2017-11-24 12:16:46,43257,13910,DELIVERED
150857,2018-03-14 19:50:32,93157,62039,DELIVERED
215895,2018-09-06 13:49:23,77548,29451,REQUESTED
76451,2018-09-16 13:47:43,20703,47933,SHIPPED
555618,2018-08-11 12:09:04,67422,93753,SHIPPED
702236,2019-01-12 18:19:19,99798,93476,SHIPPED
577498,2018-03-20 23:50:17,93397,90877,REQUESTED
114927,2020-08-15 02:47:53,93525,9911,SHIPPED
766302,2020-01-09 23:12:16,94911,15477,REQUESTED
736049,2019-11-14 21:26:17,67128,19060,DELIVERED
162362,2020-06-26 22:09:45,53612,40413,IN_PROCESS
685204,2020-01-30 22:16:33,19832,60112,SHIPPED
253063,2019-03-03 02:32:57,80525,82622,IN_PROCESS
981349,2020-06-03 03:56:55,26103,98014,IN_PROCESS
744721,2019-02-16 06:47:12,23811,69802,DELIVERED
603983,2018-08-25 04:57:23,69668,87708,IN_PROCESS
381483,2020-09-01 03:22:54,97692,14752,REQUESTED
782762,2019-08-21 22:32:36,42463,16723,REQUESTED
958844,2018-10-16 03:46:15,44171,10194,DELIVERED
20831,2020-07-27 08:10:25,21830,85853,IN_PROCESS
165451,2019-12-27 08:12:22,22734,35437,SHIPPED
604668,2020-04-30 15:47:55,27431,61562,DELIVERED
585114,2018-04-11 17:08:06,89198,45785,SHIPPED
982450,2018-10-28 23:54:28,43977,57719,REQUESTED
712866,2018-02-17 23:33:23,56686,18161,REQUESTED
778593,2019-04-13 22:36:05,79563,75714,DELIVERED
733203,2019-08-18 11:30:39,57451,25017,SHIPPED
102055,2020-09-01 04:03:43,93287,38772,IN_PROCESS
396517,2018-11-14 15:28:44,14643,78494,REQUESTED
963419,2018-01-10 14:25:10,98365,27151,REQUESTED
969347,2018-05-09 04:51:54,87857,89379,SHIPPED
961734,2018-03-25 07:16:00,60512,62558,SHIPPED
729953,2018-12-22 16:31:37,42553,44247,SHIPPED
737838,2019-01-12 02:51:07,97375,3034,REQUESTED
923060,2020-06-19 20:33:30,12362,68505,SHIPPED
278979,2019-06-12 07:53:29,83212,22908,SHIPPED
931547,2020-03-18 22:59:26,83623,82555,SHIPPED
277212,2017-10-26 10:02:01,28775,40802,SHIPPED
9510,2018-10-03 06:17:36,58420,291,REQUESTED
941418,2019-01-06 05:19:43,79640,79273,IN_PROCESS
516535,2019-07-01 00:09:11,20896,26389,REQUESTED
960123,2018-04-06 10:54:09,42161,88236,SHIPPED
123704,2019-03-06 12:56:16,10524,56262,IN_PROCESS
637727,2018-02-28 09:26:26,60614,32297,REQUESTED
883946,2019-06-18 14:46:35,68190,61291,SHIPPED
165213,2020-01-29 23:48:40,66047,15764,SHIPPED
611945,2017-10-09 05:05:35,57194,30272,IN_PROCESS
631677,2019-12-31 18:27:51,74418,36018,SHIPPED
982685,2019-07-20 05:49:03,5727,12590,SHIPPED
220235,2018-05-20 20:28:22,93337,20622,IN_PROCESS
296813,2018-01-14 04:27:57,19700,69343,REQUESTED
732444,2020-02-24 15:43:35,43011,41978,SHIPPED
346668,2020-03-14 08:25:33,57498,26634,DELIVERED
120205,2018-03-30 17:24:51,71249,25189,SHIPPED
940466,2019-05-23 04:53:55,88618,33970,REQUESTED
689054,2018-11-30 14:35:44,33186,24361,IN_PROCESS
445487,2020-05-27 04:19:26,63651,42529,DELIVERED
615737,2018-03-14 01:22:17,69050,65264,REQUESTED
498177,2018-12-04 02:16:44,89902,35967,REQUESTED
516154,2020-01-19 06:48:35,52091,73705,IN_PROCESS
823522,2019-04-30 20:49:47,62780,95399,IN_PROCESS
257416,2019-12-21 21:19:56,78142,33939,REQUESTED
357949,2017-10-25 01:46:48,2603,94062,SHIPPED
63454,2019-08-18 22:54:48,53137,86844,SHIPPED
657749,2018-07-10 22:31:43,98824,41201,DELIVERED
890520,2017-10-29 00:22:06,6853,90980,SHIPPED
72312,2018-10-15 21:25:39,34521,41410,SHIPPED
111565,2018-10-02 19:57:01,82701,10672,IN_PROCESS
607049,2018-03-23 20:06:47,22140,42818,SHIPPED
419667,2020-05-07 17:51:11,42462,77318,REQUESTED
917029,2019-08-13 07:24:01,67511,18479,IN_PROCESS
687459,2018-03-24 07:17:33,59065,25962,IN_PROCESS
558081,2019-06-11 01:31:59,72264,3077,REQUESTED
78095,2017-12-07 23:36:26,87023,61496,SHIPPED
957535,2018-08-25 14:18:01,53354,2521,REQUESTED
727088,2017-11-08 16:57:23,77549,21565,SHIPPED
978478,2020-03-25 03:29:50,65154,58958,IN_PROCESS
771994,2020-09-21 15:21:44,4543,84561,IN_PROCESS
386807,2017-10-13 17:08:15,12655,12407,SHIPPED
743923,2019-09-13 07:39:20,83811,86443,DELIVERED
667147,2018-04-26 18:10:11,6004,77991,DELIVERED
939631,2017-12-13 18:29:57,39263,81821,IN_PROCESS
942249,2018-12-06 23:00:57,94175,18550,REQUESTED
112207,2018-07-22 01:01:13,88430,24807,IN_PROCESS
21302,2018-03-14 03:01:24,73226,87803,SHIPPED
735152,2019-01-25 19:14:55,91807,3292,DELIVERED
583765,2018-05-13 05:10:15,81691,72120,DELIVERED
729499,2019-12-21 08:26:14,69772,25885,REQUESTED
980764,2018-01-17 20:33:21,40377,40096,SHIPPED
958050,2017-12-13 06:56:08,68430,97006,SHIPPED
27308,2019-12-26 00:09:40,84712,28721,REQUESTED
797844,2019-08-02 16:08:39,14957,46548,DELIVERED
409973,2018-09-03 20:01:17,39894,3560,REQUESTED
195253,2019-11-27 04:44:40,62114,12318,DELIVERED
777367,2018-05-05 21:56:27,94297,77566,DELIVERED
413375,2018-03-21 17:02:49,88363,49880,SHIPPED
794645,2019-03-18 05:30:08,10819,6076,SHIPPED
828905,2019-09-21 06:46:44,1023,23281,SHIPPED
496079,2019-04-09 21:59:45,14590,96712,REQUESTED
952881,2020-06-14 03:29:01,10805,56456,SHIPPED
860429,2019-10-15 11:37:32,66160,40703,REQUESTED
784955,2019-01-14 02:12:42,88963,52306,IN_PROCESS
264006,2020-06-16 05:34:08,82504,43550,DELIVERED
615849,2018-12-27 13:57:44,45760,62845,SHIPPED
952371,2018-04-22 02:20:38,8962,24981,REQUESTED
299372,2020-09-14 18:42:44,44173,23492,REQUESTED
394553,2020-09-20 05:18:33,42665,97590,REQUESTED
765824,2018-12-20 23:24:36,52291,72708,REQUESTED
444414,2018-02-25 17:53:08,43531,5296,DELIVERED
462205,2019-03-12 06:48:14,2807,5170,DELIVERED
175348,2019-05-28 17:00:27,43271,34574,SHIPPED
478784,2020-06-30 15:29:22,36481,4170,SHIPPED
254626,2020-06-26 03:15:45,69040,20957,SHIPPED
357829,2018-12-19 18:52:27,71958,14308,REQUESTED
881043,2020-04-20 21:38:51,66521,9327,DELIVERED
635067,2020-06-16 00:24:17,9471,85485,DELIVERED
912986,2019-06-09 07:12:07,57509,48635,IN_PROCESS
313464,2018-09-01 21:32:00,57539,60870,REQUESTED
731505,2018-01-02 02:38:31,11785,42677,REQUESTED
405890,2018-06-05 09:10:11,34775,31862,IN_PROCESS
558107,2020-03-30 00:28:50,15209,61863,IN_PROCESS
762590,2019-10-03 04:33:14,74723,66042,REQUESTED
150852,2017-10-04 02:16:46,42705,72038,SHIPPED
863597,2020-08-17 22:25:56,21638,16312,IN_PROCESS
373620,2020-03-22 13:37:16,76815,31353,IN_PROCESS
353987,2019-06-12 05:44:05,57367,10182,REQUESTED
192911,2018-02-07 07:01:11,2199,64300,DELIVERED
999260,2017-10-29 13:07:55,51692,3989,REQUESTED
285465,2019-09-06 22:10:37,19181,31482,SHIPPED
213864,2020-04-02 02:03:04,65971,8531,REQUESTED
374589,2020-02-25 23:12:24,76124,30979,DELIVERED
385784,2020-09-11 01:39:36,77710,9122,REQUESTED
125301,2019-08-08 08:03:49,98663,71864,IN_PROCESS
770978,2018-09-26 00:53:51,56684,76267,REQUESTED
889679,2020-08-25 18:20:47,93513,94810,IN_PROCESS
472182,2019-12-14 00:23:40,85171,23028,SHIPPED
942338,2018-11-05 18:21:10,90384,4138,SHIPPED
325154,2018-07-13 19:25:30,35750,81136,DELIVERED
151090,2017-11-20 02:35:43,19983,78977,DELIVERED
465551,2019-05-06 09:52:53,70074,59758,SHIPPED
679078,2018-09-29 05:44:08,81365,70120,SHIPPED
859671,2020-03-28 18:37:01,29599,67001,IN_PROCESS
181200,2019-08-08 17:00:17,42373,4772,DELIVERED
437586,2019-11-07 17:43:30,38434,7573,REQUESTED
658883,2018-12-20 01:39:34,7986,85099,REQUESTED
911139,2020-09-11 23:47:22,98134,9762,REQUESTED
690269,2019-06-06 01:25:47,60731,90059,IN_PROCESS
410652,2018-05-31 12:37:19,82941,40660,SHIPPED
172868,2018-05-01 23:38:13,24912,93051,IN_PROCESS
102753,2020-01-16 05:49:02,31777,63791,SHIPPED
678661,2018-11-19 18:51:19,43574,94995,IN_PROCESS
875271,2020-05-06 08:27:34,90138,10190,REQUESTED
583495,2017-12-09 06:25:53,48760,52982,IN_PROCESS
552220,2017-10-20 20:23:26,78980,31571,REQUESTED
197873,2018-12-07 20:56:12,5942,90878,IN_PROCESS
284389,2018-12-13 06:15:04,3099,60252,SHIPPED
678774,2018-12-15 13:30:56,30861,64685,SHIPPED
696598,2019-01-11 17:26:24,59596,20174,SHIPPED
2776,2020-03-25 11:15:26,95052,37785,DELIVERED
429628,2020-08-21 05:14:01,46891,58355,REQUESTED
211456,2020-05-25 06:47:04,16956,40796,REQUESTED
425706,2018-01-03 11:17:29,14760,38751,IN_PROCESS
270621,2019-03-03 17:43:32,94165,80037,DELIVERED
110529,2019-12-10 01:04:08,84511,7259,IN_PROCESS
836199,2020-03-05 09:58:42,14437,14446,IN_PROCESS
754893,2019-10-13 04:01:20,22376,16463,SHIPPED
826976,2018-08-25 04:59:41,10315,98187,DELIVERED
315170,2020-08-23 04:05:46,40961,80279,SHIPPED
35841,2018-06-10 13:46:17,76454,32731,IN_PROCESS
702508,2018-11-29 03:06:57,64634,18269,REQUESTED
642848,2018-04-12 14:50:59,92433,63760,IN_PROCESS
773941,2020-01-17 21:04:34,92246,79625,DELIVERED
952947,2017-11-05 06:35:31,26330,70700,DELIVERED
100079,2019-01-28 15:18:14,21933,85862,REQUESTED
854695,2019-08-01 23:15:45,57509,48674,IN_PROCESS
495430,2019-11-11 01:02:48,85893,77111,REQUESTED
501587,2020-07-27 01:53:49,19605,32219,REQUESTED
416176,2019-01-21 17:45:54,81989,34007,REQUESTED
262125,2019-05-09 01:27:36,73790,34268,DELIVERED
300210,2019-03-24 00:05:51,36079,37307,SHIPPED
123795,2020-03-26 10:41:21,56269,85938,SHIPPED
615730,2018-04-15 01:50:45,84461,25346,SHIPPED
142598,2019-04-27 09:01:32,67178,96554,SHIPPED
238810,2018-09-22 23:54:39,8247,61283,SHIPPED
204739,2019-06-12 23:11:52,10182,99321,REQUESTED
821856,2019-06-21 13:24:40,39651,36533,IN_PROCESS
867357,2019-02-02 08:36:27,71193,16563,SHIPPED
398139,2019-03-31 23:19:01,3401,30102,IN_PROCESS
517108,2018-11-09 03:04:56,63274,38218,SHIPPED
845981,2017-10-31 08:29:06,79375,81068,IN_PROCESS
872173,2018-12-17 13:08:18,70197,66039,DELIVERED
407020,2020-02-20 10:57:34,81902,21136,SHIPPED
202868,2020-01-30 23:09:49,58555,98208,REQUESTED
249960,2019-05-09 06:37:07,96737,63917,DELIVERED
340978,2018-01-28 02:33:05,11234,18630,SHIPPED
652941,2019-07-26 09:56:59,80037,54392,SHIPPED
907002,2020-08-18 20:30:48,26083,52030,IN_PROCESS
835591,2020-02-16 22:53:56,6673,65882,REQUESTED
542816,2020-03-20 22:33:45,27524,32875,REQUESTED
945532,2017-10-22 11:08:14,4176,83626,REQUESTED
911099,2019-11-08 01:09:37,27070,24722,REQUESTED
812784,2018-08-01 03:59:13,52176,4024,DELIVERED
664053,2019-10-31 22:55:40,43320,33979,DELIVERED
952869,2018-12-14 15:41:40,5138,16776,DELIVERED
4856,2019-11-23 04:34:16,30738,47630,SHIPPED
202381,2018-12-23 00:37:45,70841,24906,SHIPPED
107513,2019-11-28 13:28:48,26323,49416,DELIVERED
694355,2020-03-13 21:58:17,24171,29671,DELIVERED
998465,2018-01-04 07:45:04,37818,91685,SHIPPED
805340,2018-04-10 16:05:54,2634,53213,SHIPPED
192425,2019-04-12 04:59:39,93963,49624,IN_PROCESS
999471,2017-11-11 13:28:18,31330,79251,SHIPPED
715832,2019-02-23 14:40:28,39857,90881,IN_PROCESS
902350,2019-10-31 16:22:30,12473,48404,IN_PROCESS
254057,2017-10-19 20:05:24,69342,1207,IN_PROCESS
77315,2020-08-10 12:23:43,3887,85308,DELIVERED
954214,2018-10-17 01:56:13,69995,85187,DELIVERED
789063,2017-11-23 16:29:07,51927,62982,SHIPPED
532846,2017-11-26 09:51:35,80057,80331,IN_PROCESS
517787,2018-11-23 02:20:08,42163,92482,DELIVERED
158223,2020-04-04 18:25:46,69590,15507,REQUESTED
102825,2019-07-04 09:01:50,48701,48301,REQUESTED
256010,2020-03-08 10:42:00,73418,61293,SHIPPED
3315,2019-06-04 00:49:33,96165,10510,REQUESTED
871925,2018-06-17 06:23:01,53760,11509,REQUESTED
933243,2018-07-27 22:30:05,78291,42685,SHIPPED
780420,2020-02-01 23:30:12,82730,48818,REQUESTED
536379,2020-07-10 10:42:46,63318,31477,IN_PROCESS
228911,2018-06-12 22:28:46,75099,77624,DELIVERED
56283,2019-05-13 06:10:35,22220,38514,REQUESTED
39146,2020-08-28 04:05:26,56854,32012,REQUESTED
18237,2019-03-10 23:13:28,7714,83753,SHIPPED
182824,2019-07-03 03:54:59,51901,52256,IN_PROCESS
484034,2020-02-27 21:37:20,3497,31015,IN_PROCESS
85513,2018-11-15 20:09:57,29757,20645,REQUESTED
369619,2019-06-16 18:52:03,16563,23653,IN_PROCESS
759294,2020-01-07 13:09:23,91614,84823,DELIVERED
809512,2018-06-10 04:18:32,52529,20111,SHIPPED
97057,2018-10-26 02:45:25,31115,29871,IN_PROCESS
956204,2020-06-18 03:41:45,21820,21247,IN_PROCESS
979210,2018-03-13 11:13:32,49235,88887,SHIPPED
186285,2018-11-27 16:34:58,23222,13531,IN_PROCESS
7824,2019-02-09 05:31:57,54867,65418,SHIPPED
164238,2019-05-10 15:02:27,69185,2466,IN_PROCESS
291015,2019-12-14 01:02:41,42719,43129,IN_PROCESS
696645,2018-02-18 07:45:16,15321,13558,SHIPPED
808766,2018-01-26 00:12:20,48288,35773,REQUESTED
33267,2018-09-28 06:41:45,76007,82430,REQUESTED
920049,2019-12-31 12:24:10,82605,80101,IN_PROCESS
108078,2020-08-04 12:27:16,68784,59892,SHIPPED
247018,2019-04-11 13:36:51,71364,34523,DELIVERED
471029,2020-08-20 09:39:16,76180,73595,DELIVERED
66825,2020-07-21 23:35:00,21179,55974,IN_PROCESS
60068,2019-03-16 13:14:02,35412,73107,REQUESTED
744609,2018-05-09 05:31:53,2130,51490,SHIPPED
898530,2018-07-06 13:59:21,67274,34146,SHIPPED
351652,2017-12-05 13:02:09,57996,95359,IN_PROCESS
683064,2019-01-13 00:48:26,67092,38499,REQUESTED
288078,2018-05-17 12:06:31,3001,40340,SHIPPED
350655,2020-06-15 20:38:47,5368,62450,DELIVERED
394503,2019-08-20 14:27:53,21090,90103,DELIVERED
985756,2019-08-09 10:25:56,84621,28237,SHIPPED
699322,2020-02-02 12:30:09,47084,57488,IN_PROCESS
754525,2020-01-09 23:05:47,57579,43478,DELIVERED
195926,2018-02-27 07:59:01,16779,78478,IN_PROCESS
458499,2018-10-23 04:39:13,42316,62266,SHIPPED
244242,2019-04-08 18:10:09,35327,70866,REQUESTED
756541,2019-04-06 07:10:20,88034,4598,SHIPPED
133071,2018-02-26 14:01:34,23198,63705,IN_PROCESS
356374,2018-07-04 08:26:47,56007,15862,IN_PROCESS
10381,2018-01-26 08:45:30,40187,54049,DELIVERED
610149,2018-11-18 16:03:34,23902,49904,DELIVERED
737333,2018-07-07 10:08:29,57449,83242,SHIPPED
861523,2020-03-31 10:34:28,14006,54614,REQUESTED
894289,2018-03-14 11:44:23,59542,70267,REQUESTED
514592,2020-05-27 10:50:56,49012,78521,SHIPPED
827271,2018-09-18 13:18:17,17829,29565,SHIPPED
468219,2019-12-18 01:40:37,41649,47517,DELIVERED
833116,2019-03-23 22:52:22,55017,52429,REQUESTED
142280,2018-02-04 09:38:00,76952,43511,SHIPPED
613044,2018-12-19 12:06:29,35225,33284,DELIVERED
898031,2017-10-29 08:53:46,35308,55014,SHIPPED
404361,2018-02-09 15:30:36,21225,46837,SHIPPED
284584,2019-01-18 16:42:34,46238,29868,DELIVERED
33074,2017-11-24 07:55:59,71875,97022,SHIPPED
515178,2019-04-20 03:28:07,41038,92996,DELIVERED
25097,2018-10-10 19:06:28,94890,28911,SHIPPED
958432,2020-07-21 11:42:06,55611,69662,SHIPPED
270215,2019-10-29 09:04:26,99074,21433,IN_PROCESS
724054,2019-12-07 03:02:50,86298,69366,SHIPPED
413656,2018-10-20 12:59:48,55974,34203,IN_PROCESS
714761,2019-08-31 01:04:44,65202,85483,REQUESTED
21264,2019-05-02 20:26:43,4420,21450,DELIVERED
440792,2020-02-22 23:18:31,70167,34008,SHIPPED
877842,2019-06-24 14:42:32,17014,31588,REQUESTED
149863,2020-07-20 09:09:15,48922,6793,IN_PROCESS
921417,2018-06-06 00:04:19,92234,88264,DELIVERED
705483,2020-02-17 08:15:29,38191,23868,REQUESTED
819342,2018-02-27 16:55:56,2276,5959,SHIPPED
892069,2020-03-12 23:01:02,52644,34915,REQUESTED
550277,2020-04-10 20:53:26,80258,687,IN_PROCESS
89958,2019-01-17 09:34:32,32952,2234,DELIVERED
292724,2018-04-06 20:30:57,78241,40743,DELIVERED
704700,2020-03-11 03:02:50,29180,63122,SHIPPED
121931,2019-01-01 03:33:43,60917,32197,IN_PROCESS
322045,2020-02-04 23:22:45,42389,56232,REQUESTED
514371,2017-11-22 13:06:42,66129,92376,SHIPPED
192134,2019-03-02 01:15:55,16491,98157,IN_PROCESS
798576,2019-10-06 02:32:21,58523,780,DELIVERED
265574,2019-07-11 23:17:38,46785,27591,IN_PROCESS
831933,2019-05-27 05:10:02,47602,99795,REQUESTED
351125,2019-11-26 07:54:59,17551,55957,REQUESTED
414397,2020-06-13 04:26:27,29563,93385,SHIPPED
866897,2019-10-19 17:12:02,50350,53466,REQUESTED
915255,2017-10-25 22:11:10,61762,16695,REQUESTED
964684,2017-11-02 15:53:29,39187,19746,SHIPPED
822810,2019-02-05 03:23:29,24345,90526,SHIPPED
29289,2019-01-29 02:28:12,3237,98356,IN_PROCESS
82150,2019-01-31 23:13:16,76881,5048,DELIVERED
489544,2020-08-04 10:59:44,46099,81286,DELIVERED
261538,2020-07-05 08:55:30,78638,87582,IN_PROCESS
308737,2019-04-28 01:15:00,61532,96535,SHIPPED
634078,2018-06-13 11:29:21,37428,18390,IN_PROCESS
487820,2019-04-19 00:18:08,1999,27261,SHIPPED
816358,2019-03-15 03:17:46,95400,17767,IN_PROCESS
806029,2018-07-15 12:56:35,21873,26766,SHIPPED
817659,2018-02-10 16:30:04,45418,98182,REQUESTED
876808,2019-12-19 02:16:33,42203,79032,SHIPPED
977477,2020-03-16 01:40:11,44500,61775,DELIVERED
103805,2018-11-14 01:27:54,79276,66443,REQUESTED
751882,2018-01-11 22:40:31,17654,26215,REQUESTED
984463,2019-03-20 22:13:46,62897,71872,IN_PROCESS
159997,2020-01-23 00:35:42,55679,57623,REQUESTED
472335,2019-06-18 17:35:42,72256,9799,DELIVERED
40075,2018-05-29 03:35:23,90704,7934,REQUESTED
625716,2017-11-09 12:53:07,66970,78238,DELIVERED
754629,2020-08-09 01:27:50,7384,50740,REQUESTED
932717,2020-06-24 19:05:50,16204,29253,REQUESTED
519160,2019-12-21 09:34:20,97869,92677,SHIPPED
546346,2019-01-05 22:57:21,69587,43531,IN_PROCESS
372743,2019-04-29 01:53:50,69288,94071,REQUESTED
822927,2019-01-29 08:41:43,46392,9671,SHIPPED
617010,2019-07-20 02:01:16,46095,2935,REQUESTED
613061,2020-07-25 01:38:17,54356,35078,SHIPPED
469738,2019-10-08 00:15:32,51942,53186,IN_PROCESS
342294,2018-01-08 11:12:32,28297,31761,SHIPPED
43250,2018-07-06 15:07:38,26668,51803,IN_PROCESS
207531,2018-12-20 12:34:29,19898,65100,SHIPPED
955994,2017-11-08 21:17:37,95031,83548,IN_PROCESS
821002,2018-05-29 04:17:09,68392,85056,DELIVERED
634550,2020-08-28 11:47:55,24031,79681,IN_PROCESS
897550,2019-01-17 15:18:47,67235,44136,REQUESTED
423929,2018-12-08 07:36:09,21852,31576,SHIPPED
599911,2018-02-24 23:07:06,55739,82706,REQUESTED
824351,2018-01-03 13:29:00,42711,69639,DELIVERED
6574,2018-10-20 10:51:07,42642,82265,IN_PROCESS
497376,2020-04-22 18:43:02,80609,66090,DELIVERED
312600,2019-11-13 09:46:28,40195,90387,DELIVERED
489682,2019-02-05 23:35:27,2364,88735,IN_PROCESS
288289,2018-09-14 05:58:43,37235,92369,SHIPPED
453766,2019-06-27 06:10:41,70195,31426,IN_PROCESS
376104,2018-03-02 01:46:56,31272,78251,REQUESTED
459754,2019-04-11 23:42:15,48467,6263,SHIPPED
996388,2019-03-19 08:51:04,70990,95256,IN_PROCESS
324741,2020-01-15 08:32:06,52844,87000,IN_PROCESS
786644,2018-09-10 20:12:34,33913,11839,REQUESTED
778578,2020-01-07 05:47:50,91071,64625,SHIPPED
892334,2018-04-01 00:19:04,19659,58753,REQUESTED
644601,2020-07-18 05:18:24,32424,67012,SHIPPED
328774,2017-12-07 02:28:02,67577,88773,SHIPPED
616493,2019-06-24 06:35:53,30449,73927,DELIVERED
692841,2018-07-10 19:37:02,43195,45865,SHIPPED
828238,2019-03-16 17:55:09,49738,59614,SHIPPED
204224,2019-02-07 15:17:04,82731,13726,DELIVERED
301745,2020-07-02 09:09:58,3218,66404,IN_PROCESS
431050,2017-10-26 07:58:38,72155,11296,SHIPPED
654782,2018-04-05 00:52:31,26861,44214,SHIPPED
47184,2019-08-20 15:41:00,38477,39034,REQUESTED
297619,2018-09-25 08:06:26,32569,85642,DELIVERED
855200,2018-08-09 07:13:05,88277,74593,IN_PROCESS
993207,2019-04-18 22:46:07,39305,97882,IN_PROCESS
471595,2018-12-26 21:25:01,42793,90698,IN_PROCESS
167252,2019-12-03 22:15:45,2573,84459,IN_PROCESS
295425,2018-03-02 00:42:11,53659,51688,SHIPPED
378953,2018-04-12 08:25:14,3051,32142,REQUESTED
911364,2020-09-06 01:21:27,40620,61712,DELIVERED
358504,2018-09-01 12:40:03,46710,32843,IN_PROCESS
627388,2020-03-01 14:09:07,22673,90283,DELIVERED
30466,2020-04-10 15:38:11,56932,52655,DELIVERED
751650,2020-05-07 16:48:15,66334,87403,REQUESTED
160973,2020-03-06 21:13:37,65302,27833,DELIVERED
930332,2019-06-26 16:26:16,96440,49968,SHIPPED
268386,2020-03-15 15:38:40,34165,33071,IN_PROCESS
496844,2018-12-24 13:31:07,28519,82585,REQUESTED
516640,2020-03-14 10:39:41,8694,27980,REQUESTED
945244,2017-09-25 22:43:21,71982,88379,DELIVERED
58996,2017-12-27 09:21:15,14546,73077,SHIPPED
988750,2017-10-01 02:49:14,32927,46604,SHIPPED
676619,2019-05-26 02:03:12,17384,87069,REQUESTED
133788,2020-03-17 09:08:41,57625,24784,DELIVERED
856627,2018-03-25 04:39:03,89713,36597,IN_PROCESS
590141,2018-12-25 17:50:34,65367,34457,SHIPPED
200237,2019-10-18 23:56:54,71704,73814,SHIPPED
974170,2018-06-05 02:55:33,72648,83764,REQUESTED
566345,2018-10-05 09:13:36,12081,20298,IN_PROCESS
500123,2018-01-28 14:48:01,65279,95685,SHIPPED
818390,2019-03-11 22:46:00,99796,90251,IN_PROCESS
794766,2018-11-11 15:53:28,51136,40776,REQUESTED
540594,2019-08-12 06:17:53,93254,44834,DELIVERED
281882,2019-10-23 09:32:13,36719,40053,IN_PROCESS
418857,2019-02-19 07:09:17,29388,50524,SHIPPED
746815,2018-12-23 09:37:10,71066,22386,REQUESTED
729412,2018-11-15 15:37:44,85884,29465,SHIPPED
450306,2019-10-28 10:32:31,92800,22386,DELIVERED
409474,2018-01-24 07:34:47,60962,55201,IN_PROCESS
378691,2019-01-29 02:26:49,83610,90948,DELIVERED
307320,2018-12-25 15:33:54,4329,2706,IN_PROCESS
78016,2018-11-08 09:54:57,17033,10149,SHIPPED
548455,2020-09-02 16:56:55,60202,4772,IN_PROCESS
307675,2018-10-12 04:24:53,97343,24135,REQUESTED
398425,2019-12-28 12:22:53,25420,2965,IN_PROCESS
919054,2020-05-19 11:29:32,4312,18485,DELIVERED
756042,2020-03-02 02:37:13,62961,79791,SHIPPED
31024,2019-05-14 17:03:52,86634,24465,DELIVERED
